DataSet,psnr,ssim
sc_256_2y_5_test_data,18.066263719322293,0.6690979818780939
sc_256_2y_5_test_data,18.072736620422898,0.6722146303920479,
train_1y_Australia2_test_data,17.794254142147057,0.7014958739952373
train_1y_Australia2_test_data,17.844696842269812,0.7077583432172694

sc_256_2y_5_test_data,17.35896519256493,0.6152871138566024,netG_epoch_4_500.pth
sc_256_2y_5_test_data,17.600388280069335,0.6419817125880635,netG_epoch_4_109.pth
sc_256_2y_5_test_data,17.667014845365777,0.6447126202650003,netG_epoch_4_110.pth
train_1y_Australia2_test_data,17.42862549741196,0.684263036214748,netG_epoch_4_500.pth
train_1y_Australia2_test_data,17.154419806573866,0.6609813247330002,netG_epoch_4_109.pth