Epoch,Loss_D,Loss_G,Score_D,Score_G,PSNR,SSIM
114,-29.236130765805374,0.19653077539987862,-11.363949338326583,-18.172122354281914,17.136245070007075,0.6584949129895051
