DataSet,psnr,ssim
di-lab,17.794254142147057,0.7014958739952373
